{
  "best_global_step": 26,
  "best_metric": 0.23383209109306335,
  "best_model_checkpoint": "C:\\Users\\samhk\\LLM-Project\\models\\finetuned-model-movie-review-sentiment-analysis\\checkpoint-26",
  "epoch": 4.0,
  "eval_steps": 500,
  "global_step": 52,
  "is_hyper_param_search": false,
  "is_local_process_zero": true,
  "is_world_process_zero": true,
  "log_history": [
    {
      "epoch": 1.0,
      "eval_accuracy": 0.935,
      "eval_auc": 0.9884433725253743,
      "eval_f1": [
        0.9281767955801105,
        0.9406392694063926
      ],
      "eval_loss": 0.29628586769104004,
      "eval_precision": [
        0.9545454545454546,
        0.9196428571428571
      ],
      "eval_recall": [
        0.9032258064516129,
        0.9626168224299065
      ],
      "eval_runtime": 30.4127,
      "eval_samples_per_second": 6.576,
      "eval_steps_per_second": 1.644,
      "step": 13
    },
    {
      "epoch": 2.0,
      "eval_accuracy": 0.95,
      "eval_auc": 0.9885438649381971,
      "eval_f1": [
        0.946236559139785,
        0.9532710280373832
      ],
      "eval_loss": 0.23383209109306335,
      "eval_precision": [
        0.946236559139785,
        0.9532710280373832
      ],
      "eval_recall": [
        0.946236559139785,
        0.9532710280373832
      ],
      "eval_runtime": 30.6742,
      "eval_samples_per_second": 6.52,
      "eval_steps_per_second": 1.63,
      "step": 26
    },
    {
      "epoch": 3.0,
      "eval_accuracy": 0.94,
      "eval_auc": 0.9878404180484374,
      "eval_f1": [
        0.9347826086956522,
        0.9444444444444444
      ],
      "eval_loss": 0.2641429007053375,
      "eval_precision": [
        0.945054945054945,
        0.9357798165137615
      ],
      "eval_recall": [
        0.9247311827956989,
        0.9532710280373832
      ],
      "eval_runtime": 30.7418,
      "eval_samples_per_second": 6.506,
      "eval_steps_per_second": 1.626,
      "step": 39
    },
    {
      "epoch": 4.0,
      "eval_accuracy": 0.94,
      "eval_auc": 0.9877901718420259,
      "eval_f1": [
        0.9347826086956522,
        0.9444444444444444
      ],
      "eval_loss": 0.2627212405204773,
      "eval_precision": [
        0.945054945054945,
        0.9357798165137615
      ],
      "eval_recall": [
        0.9247311827956989,
        0.9532710280373832
      ],
      "eval_runtime": 30.6988,
      "eval_samples_per_second": 6.515,
      "eval_steps_per_second": 1.629,
      "step": 52
    }
  ],
  "logging_steps": 500,
  "max_steps": 52,
  "num_input_tokens_seen": 0,
  "num_train_epochs": 4,
  "save_steps": 500,
  "stateful_callbacks": {
    "TrainerControl": {
      "args": {
        "should_epoch_stop": false,
        "should_evaluate": false,
        "should_log": false,
        "should_save": true,
        "should_training_stop": true
      },
      "attributes": {}
    }
  },
  "total_flos": 228072041808768.0,
  "train_batch_size": 4,
  "trial_name": null,
  "trial_params": null
}
